RFMS_Cluster,Target,CustomerId
0,1,CustomerId_1762
0,1,CustomerId_1197
0,1,CustomerId_4537
0,1,CustomerId_3242
0,1,CustomerId_3251
1,0,CustomerId_1694
0,1,CustomerId_2989
1,0,CustomerId_2941
0,1,CustomerId_2933
0,1,CustomerId_5152
1,0,CustomerId_682
0,1,CustomerId_916
0,1,CustomerId_4732
1,0,CustomerId_2062
1,0,CustomerId_969
0,1,CustomerId_4051
0,1,CustomerId_2565
0,1,CustomerId_3521
0,1,CustomerId_1442
1,0,CustomerId_1438
0,1,CustomerId_3041
0,1,CustomerId_4206
1,0,CustomerId_3820
0,1,CustomerId_4131
1,0,CustomerId_4201
0,1,CustomerId_2335
0,1,CustomerId_7470
0,1,CustomerId_4544
0,1,CustomerId_2836
1,0,CustomerId_1860
0,1,CustomerId_4338
0,1,CustomerId_480
0,1,CustomerId_2327
0,1,CustomerId_466
0,1,CustomerId_1466
0,1,CustomerId_703
0,1,CustomerId_3708
1,0,CustomerId_3818
0,1,CustomerId_1903
1,0,CustomerId_2233
0,1,CustomerId_1125
0,1,CustomerId_2628
0,1,CustomerId_1753
0,1,CustomerId_558
0,1,CustomerId_3398
1,0,CustomerId_4569
0,1,CustomerId_1191
0,1,CustomerId_3149
0,1,CustomerId_5060
0,1,CustomerId_506
0,1,CustomerId_1208
0,1,CustomerId_2543
0,1,CustomerId_1307
0,1,CustomerId_2286
0,1,CustomerId_4740
1,0,CustomerId_1750
1,0,CustomerId_3075
0,1,CustomerId_1613
0,1,CustomerId_867
0,1,CustomerId_1653
0,1,CustomerId_764
0,1,CustomerId_1092
1,0,CustomerId_4585
0,1,CustomerId_4304
0,1,CustomerId_2810
0,1,CustomerId_2223
1,0,CustomerId_3745
1,0,CustomerId_4153
0,1,CustomerId_5177
0,1,CustomerId_2720
0,1,CustomerId_2407
0,1,CustomerId_2432
0,1,CustomerId_5248
0,1,CustomerId_3459
0,1,CustomerId_4144
0,1,CustomerId_2445
0,1,CustomerId_2456
0,1,CustomerId_4005
1,0,CustomerId_4898
0,1,CustomerId_3545
1,0,CustomerId_3737
0,1,CustomerId_4180
0,1,CustomerId_2368
0,1,CustomerId_868
0,1,CustomerId_3465
0,1,CustomerId_2925
0,1,CustomerId_4329
0,1,CustomerId_2552
0,1,CustomerId_1580
0,1,CustomerId_1520
1,0,CustomerId_3371
0,1,CustomerId_2955
1,0,CustomerId_2940
0,1,CustomerId_3668
1,0,CustomerId_4987
1,0,CustomerId_700
0,1,CustomerId_1828
0,1,CustomerId_1382
0,1,CustomerId_3402
0,1,CustomerId_3293
0,1,CustomerId_2451
0,1,CustomerId_1562
0,1,CustomerId_987
0,1,CustomerId_2055
0,1,CustomerId_3026
0,1,CustomerId_4650
0,1,CustomerId_2549
0,1,CustomerId_3942
1,0,CustomerId_4337
1,0,CustomerId_4813
0,1,CustomerId_3764
1,0,CustomerId_5266
1,0,CustomerId_4390
0,1,CustomerId_2617
0,1,CustomerId_5170
0,1,CustomerId_581
0,1,CustomerId_2157
0,1,CustomerId_1225
0,1,CustomerId_2361
0,1,CustomerId_3343
0,1,CustomerId_4787
0,1,CustomerId_1679
0,1,CustomerId_1404
0,1,CustomerId_2598
0,1,CustomerId_3115
0,1,CustomerId_3166
1,0,CustomerId_2373
1,0,CustomerId_3000
0,1,CustomerId_1214
0,1,CustomerId_1196
0,1,CustomerId_3361
0,1,CustomerId_2648
0,1,CustomerId_4714
0,1,CustomerId_493
0,1,CustomerId_727
0,1,CustomerId_7335
0,1,CustomerId_2904
1,0,CustomerId_7426
0,1,CustomerId_4117
0,1,CustomerId_611
1,0,CustomerId_4421
0,1,CustomerId_801
0,1,CustomerId_689
0,1,CustomerId_2446
1,0,CustomerId_3165
0,1,CustomerId_943
0,1,CustomerId_1573
0,1,CustomerId_3493
1,0,CustomerId_381
0,1,CustomerId_492
0,1,CustomerId_2386
0,1,CustomerId_3327
1,0,CustomerId_3655
0,1,CustomerId_3138
1,0,CustomerId_3613
0,1,CustomerId_2609
0,1,CustomerId_3344
0,1,CustomerId_4283
0,1,CustomerId_5035
0,1,CustomerId_3752
0,1,CustomerId_4538
1,0,CustomerId_3104
0,1,CustomerId_4422
0,1,CustomerId_4948
1,0,CustomerId_2858
0,1,CustomerId_4277
1,0,CustomerId_3330
0,1,CustomerId_7338
0,1,CustomerId_4876
0,1,CustomerId_4502
0,1,CustomerId_4071
0,1,CustomerId_2914
0,1,CustomerId_7344
0,1,CustomerId_4904
0,1,CustomerId_1686
1,0,CustomerId_5293
0,1,CustomerId_3670
0,1,CustomerId_2877
0,1,CustomerId_5216
0,1,CustomerId_3523
0,1,CustomerId_4688
0,1,CustomerId_2894
0,1,CustomerId_2757
1,0,CustomerId_415
1,0,CustomerId_3247
0,1,CustomerId_89
0,1,CustomerId_2732
1,0,CustomerId_7457
1,0,CustomerId_446
0,1,CustomerId_3840
0,1,CustomerId_1443
0,1,CustomerId_4427
0,1,CustomerId_2974
0,1,CustomerId_930
0,1,CustomerId_3015
0,1,CustomerId_1720
0,1,CustomerId_3975
0,1,CustomerId_2633
0,1,CustomerId_2346
0,1,CustomerId_1084
0,1,CustomerId_2930
1,0,CustomerId_4188
0,1,CustomerId_4938
0,1,CustomerId_3046
0,1,CustomerId_3269
0,1,CustomerId_884
1,0,CustomerId_4254
1,0,CustomerId_3487
1,0,CustomerId_1938
0,1,CustomerId_7324
0,1,CustomerId_3148
0,1,CustomerId_4138
0,1,CustomerId_1571
1,0,CustomerId_2441
0,1,CustomerId_2097
0,1,CustomerId_2840
0,1,CustomerId_3519
0,1,CustomerId_1617
0,1,CustomerId_586
0,1,CustomerId_773
0,1,CustomerId_2787
0,1,CustomerId_2833
0,1,CustomerId_4490
0,1,CustomerId_7435
0,1,CustomerId_2594
0,1,CustomerId_5249
0,1,CustomerId_4683
0,1,CustomerId_3109
1,0,CustomerId_1545
1,0,CustomerId_4785
1,0,CustomerId_4146
1,0,CustomerId_4934
0,1,CustomerId_842
1,0,CustomerId_2343
0,1,CustomerId_4065
1,0,CustomerId_2301
0,1,CustomerId_1871
0,1,CustomerId_407
0,1,CustomerId_1247
0,1,CustomerId_2872
1,0,CustomerId_1156
0,1,CustomerId_4592
0,1,CustomerId_2541
0,1,CustomerId_3985
0,1,CustomerId_1757
1,0,CustomerId_4624
0,1,CustomerId_795
1,0,CustomerId_2981
0,1,CustomerId_14
0,1,CustomerId_1189
0,1,CustomerId_4058
0,1,CustomerId_4006
0,1,CustomerId_3403
0,1,CustomerId_1323
0,1,CustomerId_1273
0,1,CustomerId_5254
0,1,CustomerId_1332
0,1,CustomerId_4993
0,1,CustomerId_3714
1,0,CustomerId_5040
0,1,CustomerId_4151
1,0,CustomerId_3079
0,1,CustomerId_2299
0,1,CustomerId_4507
0,1,CustomerId_1755
0,1,CustomerId_1916
1,0,CustomerId_3730
1,0,CustomerId_3379
0,1,CustomerId_503
0,1,CustomerId_5039
0,1,CustomerId_1859
1,0,CustomerId_4757
0,1,CustomerId_4591
0,1,CustomerId_1057
0,1,CustomerId_584
0,1,CustomerId_2165
0,1,CustomerId_2803
0,1,CustomerId_1645
0,1,CustomerId_2759
0,1,CustomerId_1111
0,1,CustomerId_4935
0,1,CustomerId_4576
0,1,CustomerId_949
0,1,CustomerId_3732
1,0,CustomerId_1505
1,0,CustomerId_2926
1,0,CustomerId_2710
0,1,CustomerId_2004
0,1,CustomerId_2123
1,0,CustomerId_2700
0,1,CustomerId_1161
1,0,CustomerId_7450
0,1,CustomerId_1464
0,1,CustomerId_1538
1,0,CustomerId_4858
0,1,CustomerId_4673
0,1,CustomerId_4894
0,1,CustomerId_4794
1,0,CustomerId_3363
0,1,CustomerId_5221
0,1,CustomerId_2142
0,1,CustomerId_4868
1,0,CustomerId_3878
0,1,CustomerId_2918
0,1,CustomerId_2860
0,1,CustomerId_4009
0,1,CustomerId_2912
1,0,CustomerId_3172
0,1,CustomerId_4
0,1,CustomerId_3624
1,0,CustomerId_3224
1,0,CustomerId_4927
0,1,CustomerId_1351
0,1,CustomerId_1187
0,1,CustomerId_738
0,1,CustomerId_1569
0,1,CustomerId_4843
0,1,CustomerId_1615
0,1,CustomerId_2108
1,0,CustomerId_4193
0,1,CustomerId_4892
0,1,CustomerId_3536
0,1,CustomerId_3872
0,1,CustomerId_4595
1,0,CustomerId_4155
0,1,CustomerId_3643
0,1,CustomerId_864
1,0,CustomerId_3105
0,1,CustomerId_1390
0,1,CustomerId_4579
0,1,CustomerId_436
1,0,CustomerId_3307
0,1,CustomerId_2870
0,1,CustomerId_4209
0,1,CustomerId_2534
0,1,CustomerId_2357
0,1,CustomerId_2461
1,0,CustomerId_3035
0,1,CustomerId_2205
0,1,CustomerId_3212
0,1,CustomerId_4542
0,1,CustomerId_3700
1,0,CustomerId_1906
1,0,CustomerId_3910
0,1,CustomerId_5100
0,1,CustomerId_3416
0,1,CustomerId_1579
0,1,CustomerId_888
0,1,CustomerId_7454
0,1,CustomerId_2970
1,0,CustomerId_4055
0,1,CustomerId_1802
0,1,CustomerId_4828
1,0,CustomerId_627
0,1,CustomerId_2321
0,1,CustomerId_3486
0,1,CustomerId_4953
0,1,CustomerId_931
1,0,CustomerId_4109
0,1,CustomerId_351
0,1,CustomerId_2443
1,0,CustomerId_806
0,1,CustomerId_3236
0,1,CustomerId_1452
0,1,CustomerId_2109
0,1,CustomerId_2409
1,0,CustomerId_1508
0,1,CustomerId_2948
0,1,CustomerId_2992
0,1,CustomerId_2224
0,1,CustomerId_5233
0,1,CustomerId_1801
1,0,CustomerId_3163
0,1,CustomerId_2704
0,1,CustomerId_1701
0,1,CustomerId_5003
0,1,CustomerId_1123
0,1,CustomerId_4176
0,1,CustomerId_4622
0,1,CustomerId_834
0,1,CustomerId_516
1,0,CustomerId_4942
0,1,CustomerId_2408
0,1,CustomerId_4308
0,1,CustomerId_4048
0,1,CustomerId_1742
0,1,CustomerId_1316
0,1,CustomerId_1055
0,1,CustomerId_1330
0,1,CustomerId_1302
1,0,CustomerId_1739
0,1,CustomerId_7329
0,1,CustomerId_1731
0,1,CustomerId_3345
0,1,CustomerId_521
0,1,CustomerId_3436
0,1,CustomerId_2254
0,1,CustomerId_4321
1,0,CustomerId_4183
1,0,CustomerId_3876
0,1,CustomerId_4156
1,0,CustomerId_4312
0,1,CustomerId_3858
0,1,CustomerId_1488
0,1,CustomerId_670
0,1,CustomerId_5154
0,1,CustomerId_1300
0,1,CustomerId_3407
0,1,CustomerId_399
0,1,CustomerId_4108
0,1,CustomerId_2147
0,1,CustomerId_3960
0,1,CustomerId_4275
1,0,CustomerId_2739
1,0,CustomerId_1413
0,1,CustomerId_966
1,0,CustomerId_1039
1,0,CustomerId_3444
0,1,CustomerId_2639
0,1,CustomerId_500
0,1,CustomerId_1581
0,1,CustomerId_600
0,1,CustomerId_5052
0,1,CustomerId_3862
0,1,CustomerId_3388
0,1,CustomerId_420
0,1,CustomerId_4653
1,0,CustomerId_3611
1,0,CustomerId_4406
0,1,CustomerId_3830
0,1,CustomerId_3564
0,1,CustomerId_2352
1,0,CustomerId_4998
0,1,CustomerId_683
0,1,CustomerId_402
0,1,CustomerId_1619
0,1,CustomerId_4343
1,0,CustomerId_3697
0,1,CustomerId_5192
0,1,CustomerId_4239
0,1,CustomerId_4933
1,0,CustomerId_4814
0,1,CustomerId_911
0,1,CustomerId_2344
1,0,CustomerId_3217
0,1,CustomerId_5223
0,1,CustomerId_2828
0,1,CustomerId_4680
0,1,CustomerId_813
1,0,CustomerId_4240
0,1,CustomerId_5211
0,1,CustomerId_2526
0,1,CustomerId_4349
0,1,CustomerId_2103
0,1,CustomerId_4034
0,1,CustomerId_1730
1,0,CustomerId_2531
0,1,CustomerId_1872
0,1,CustomerId_3412
1,0,CustomerId_698
1,0,CustomerId_3442
0,1,CustomerId_2796
0,1,CustomerId_3169
0,1,CustomerId_1925
1,0,CustomerId_988
0,1,CustomerId_7
1,0,CustomerId_7437
0,1,CustomerId_338
0,1,CustomerId_767
0,1,CustomerId_5089
0,1,CustomerId_3909
0,1,CustomerId_1007
1,0,CustomerId_3819
0,1,CustomerId_3057
0,1,CustomerId_2885
0,1,CustomerId_1610
0,1,CustomerId_621
0,1,CustomerId_1381
0,1,CustomerId_362
1,0,CustomerId_4660
0,1,CustomerId_1091
1,0,CustomerId_3551
1,0,CustomerId_1956
1,0,CustomerId_3491
0,1,CustomerId_1915
0,1,CustomerId_1182
0,1,CustomerId_3875
1,0,CustomerId_2051
1,0,CustomerId_1546
0,1,CustomerId_4713
0,1,CustomerId_3759
0,1,CustomerId_1999
0,1,CustomerId_2232
0,1,CustomerId_5119
0,1,CustomerId_2332
0,1,CustomerId_5245
0,1,CustomerId_1303
0,1,CustomerId_350
0,1,CustomerId_468
0,1,CustomerId_395
1,0,CustomerId_1074
1,0,CustomerId_340
0,1,CustomerId_2791
1,0,CustomerId_1192
0,1,CustomerId_5166
0,1,CustomerId_1681
1,0,CustomerId_2308
0,1,CustomerId_1611
0,1,CustomerId_4500
1,0,CustomerId_4392
0,1,CustomerId_3259
1,0,CustomerId_4555
2,0,CustomerId_1535
0,1,CustomerId_2604
1,0,CustomerId_1658
0,1,CustomerId_915
0,1,CustomerId_2218
0,1,CustomerId_2176
0,1,CustomerId_1422
0,1,CustomerId_1637
0,1,CustomerId_1950
0,1,CustomerId_604
0,1,CustomerId_3381
0,1,CustomerId_5024
0,1,CustomerId_2957
0,1,CustomerId_789
0,1,CustomerId_4361
0,1,CustomerId_3478
1,0,CustomerId_4738
0,1,CustomerId_4612
0,1,CustomerId_1698
0,1,CustomerId_1748
0,1,CustomerId_4601
0,1,CustomerId_1961
0,1,CustomerId_4749
1,0,CustomerId_1020
0,1,CustomerId_2689
0,1,CustomerId_2400
1,0,CustomerId_1311
0,1,CustomerId_3016
1,0,CustomerId_3530
0,1,CustomerId_5167
0,1,CustomerId_4136
0,1,CustomerId_1664
1,0,CustomerId_5014
0,1,CustomerId_3508
0,1,CustomerId_2760
0,1,CustomerId_3443
1,0,CustomerId_2643
0,1,CustomerId_13
1,0,CustomerId_1867
1,0,CustomerId_1044
0,1,CustomerId_2637
0,1,CustomerId_3765
0,1,CustomerId_2420
0,1,CustomerId_3191
0,1,CustomerId_4776
1,0,CustomerId_3952
0,1,CustomerId_4880
0,1,CustomerId_2767
1,0,CustomerId_1281
0,1,CustomerId_633
0,1,CustomerId_3706
0,1,CustomerId_2463
1,0,CustomerId_2348
1,0,CustomerId_4371
1,0,CustomerId_3232
1,0,CustomerId_3225
0,1,CustomerId_2053
0,1,CustomerId_2372
1,0,CustomerId_563
0,1,CustomerId_4915
0,1,CustomerId_4170
1,0,CustomerId_5065
1,0,CustomerId_1874
0,1,CustomerId_2245
1,0,CustomerId_2427
0,1,CustomerId_895
0,1,CustomerId_2243
1,0,CustomerId_1294
0,1,CustomerId_3517
0,1,CustomerId_1732
0,1,CustomerId_4245
0,1,CustomerId_2384
0,1,CustomerId_383
0,1,CustomerId_1561
1,0,CustomerId_456
0,1,CustomerId_2246
0,1,CustomerId_3534
0,1,CustomerId_7448
1,0,CustomerId_3011
0,1,CustomerId_2681
0,1,CustomerId_4086
1,0,CustomerId_4928
1,0,CustomerId_3515
0,1,CustomerId_4046
0,1,CustomerId_1647
1,0,CustomerId_3092
0,1,CustomerId_7328
0,1,CustomerId_2850
0,1,CustomerId_2577
1,0,CustomerId_2662
0,1,CustomerId_2059
1,0,CustomerId_786
1,0,CustomerId_550
0,1,CustomerId_3320
1,0,CustomerId_2424
0,1,CustomerId_1922
0,1,CustomerId_4875
0,1,CustomerId_4302
0,1,CustomerId_3171
0,1,CustomerId_4423
0,1,CustomerId_4721
1,0,CustomerId_3235
1,0,CustomerId_453
0,1,CustomerId_800
0,1,CustomerId_2093
0,1,CustomerId_2190
0,1,CustomerId_5206
0,1,CustomerId_4196
0,1,CustomerId_4872
1,0,CustomerId_2913
1,0,CustomerId_4202
1,0,CustomerId_3694
0,1,CustomerId_5026
0,1,CustomerId_3081
0,1,CustomerId_3007
1,0,CustomerId_3034
0,1,CustomerId_4145
0,1,CustomerId_1503
1,0,CustomerId_900
0,1,CustomerId_1782
0,1,CustomerId_1407
0,1,CustomerId_1994
0,1,CustomerId_3497
0,1,CustomerId_4977
1,0,CustomerId_3299
0,1,CustomerId_1263
0,1,CustomerId_4250
0,1,CustomerId_1308
1,0,CustomerId_4486
0,1,CustomerId_3874
0,1,CustomerId_5097
0,1,CustomerId_494
0,1,CustomerId_3408
0,1,CustomerId_1450
1,0,CustomerId_4947
1,0,CustomerId_1995
0,1,CustomerId_2991
0,1,CustomerId_2892
0,1,CustomerId_2707
0,1,CustomerId_572
0,1,CustomerId_2116
0,1,CustomerId_4436
0,1,CustomerId_1369
0,1,CustomerId_1891
1,0,CustomerId_3427
0,1,CustomerId_3140
1,0,CustomerId_3223
0,1,CustomerId_2949
0,1,CustomerId_3077
0,1,CustomerId_2901
0,1,CustomerId_2136
1,0,CustomerId_2072
0,1,CustomerId_1688
0,1,CustomerId_2287
0,1,CustomerId_4403
0,1,CustomerId_2095
0,1,CustomerId_2065
0,1,CustomerId_1363
0,1,CustomerId_4424
1,0,CustomerId_4189
1,0,CustomerId_2537
0,1,CustomerId_658
0,1,CustomerId_4184
0,1,CustomerId_1260
0,1,CustomerId_7416
0,1,CustomerId_5256
0,1,CustomerId_3334
0,1,CustomerId_7430
0,1,CustomerId_4836
1,0,CustomerId_2977
1,0,CustomerId_2859
1,0,CustomerId_2876
0,1,CustomerId_5157
0,1,CustomerId_1587
1,0,CustomerId_3474
0,1,CustomerId_498
1,0,CustomerId_3931
0,1,CustomerId_5159
0,1,CustomerId_1204
1,0,CustomerId_2469
0,1,CustomerId_4770
0,1,CustomerId_4444
0,1,CustomerId_527
0,1,CustomerId_1809
0,1,CustomerId_3127
0,1,CustomerId_4973
1,0,CustomerId_4882
0,1,CustomerId_7421
0,1,CustomerId_4598
0,1,CustomerId_2962
0,1,CustomerId_3096
0,1,CustomerId_770
0,1,CustomerId_5126
0,1,CustomerId_4449
0,1,CustomerId_5284
0,1,CustomerId_2002
1,0,CustomerId_2798
0,1,CustomerId_4412
1,0,CustomerId_3340
0,1,CustomerId_2289
0,1,CustomerId_7326
0,1,CustomerId_1627
0,1,CustomerId_996
0,1,CustomerId_378
0,1,CustomerId_2834
0,1,CustomerId_588
0,1,CustomerId_1670
0,1,CustomerId_2847
0,1,CustomerId_3133
1,0,CustomerId_4833
0,1,CustomerId_2576
0,1,CustomerId_3387
0,1,CustomerId_590
0,1,CustomerId_923
0,1,CustomerId_7477
0,1,CustomerId_1436
0,1,CustomerId_3380
0,1,CustomerId_3774
0,1,CustomerId_826
1,0,CustomerId_648
1,0,CustomerId_2425
0,1,CustomerId_2101
0,1,CustomerId_2776
0,1,CustomerId_513
0,1,CustomerId_3084
0,1,CustomerId_711
0,1,CustomerId_1117
0,1,CustomerId_5115
0,1,CustomerId_1241
1,0,CustomerId_3766
0,1,CustomerId_863
0,1,CustomerId_4949
0,1,CustomerId_3869
0,1,CustomerId_3582
0,1,CustomerId_1424
0,1,CustomerId_3434
1,0,CustomerId_7464
0,1,CustomerId_3072
0,1,CustomerId_4773
0,1,CustomerId_4788
0,1,CustomerId_1085
1,0,CustomerId_4501
1,0,CustomerId_1875
0,1,CustomerId_3630
0,1,CustomerId_2697
0,1,CustomerId_919
0,1,CustomerId_2359
0,1,CustomerId_4017
0,1,CustomerId_2665
1,0,CustomerId_2515
0,1,CustomerId_3296
0,1,CustomerId_896
0,1,CustomerId_4513
0,1,CustomerId_2582
1,0,CustomerId_4748
1,0,CustomerId_5172
0,1,CustomerId_4417
0,1,CustomerId_1441
0,1,CustomerId_2505
0,1,CustomerId_2587
1,0,CustomerId_3209
0,1,CustomerId_2253
1,0,CustomerId_3511
0,1,CustomerId_1998
0,1,CustomerId_1702
0,1,CustomerId_3210
1,0,CustomerId_2417
0,1,CustomerId_993
0,1,CustomerId_1179
1,0,CustomerId_515
0,1,CustomerId_5122
0,1,CustomerId_1420
1,0,CustomerId_2775
0,1,CustomerId_505
0,1,CustomerId_3994
0,1,CustomerId_936
1,0,CustomerId_3121
0,1,CustomerId_4712
0,1,CustomerId_2988
0,1,CustomerId_1437
0,1,CustomerId_1238
1,0,CustomerId_1515
1,0,CustomerId_920
1,0,CustomerId_4577
1,0,CustomerId_1183
1,0,CustomerId_2764
0,1,CustomerId_1526
0,1,CustomerId_1169
0,1,CustomerId_3326
0,1,CustomerId_3128
0,1,CustomerId_2153
0,1,CustomerId_3964
0,1,CustomerId_3425
0,1,CustomerId_881
0,1,CustomerId_2605
0,1,CustomerId_1680
0,1,CustomerId_4402
0,1,CustomerId_2746
0,1,CustomerId_2454
0,1,CustomerId_3848
0,1,CustomerId_15
1,0,CustomerId_3651
0,1,CustomerId_4831
0,1,CustomerId_959
0,1,CustomerId_7419
0,1,CustomerId_5186
0,1,CustomerId_2106
0,1,CustomerId_3357
0,1,CustomerId_3420
0,1,CustomerId_2480
0,1,CustomerId_5227
0,1,CustomerId_3332
0,1,CustomerId_7402
1,0,CustomerId_4775
0,1,CustomerId_4779
0,1,CustomerId_3440
0,1,CustomerId_4036
0,1,CustomerId_4854
0,1,CustomerId_4657
0,1,CustomerId_4931
0,1,CustomerId_4015
0,1,CustomerId_855
1,0,CustomerId_1250
1,0,CustomerId_4187
0,1,CustomerId_4685
0,1,CustomerId_1220
0,1,CustomerId_3027
0,1,CustomerId_3522
0,1,CustomerId_4663
1,0,CustomerId_4990
0,1,CustomerId_1231
1,0,CustomerId_2696
1,0,CustomerId_680
0,1,CustomerId_3435
0,1,CustomerId_2597
0,1,CustomerId_1387
0,1,CustomerId_4049
0,1,CustomerId_3649
1,0,CustomerId_1134
1,0,CustomerId_4174
1,0,CustomerId_1889
0,1,CustomerId_4839
1,0,CustomerId_3834
0,1,CustomerId_2046
1,0,CustomerId_3602
0,1,CustomerId_2017
0,1,CustomerId_4970
0,1,CustomerId_4671
0,1,CustomerId_1118
0,1,CustomerId_2705
0,1,CustomerId_4358
0,1,CustomerId_4957
0,1,CustomerId_3892
0,1,CustomerId_7433
0,1,CustomerId_1930
0,1,CustomerId_3581
0,1,CustomerId_3044
0,1,CustomerId_883
0,1,CustomerId_1914
1,0,CustomerId_1335
0,1,CustomerId_4703
0,1,CustomerId_2438
0,1,CustomerId_3687
0,1,CustomerId_4961
0,1,CustomerId_4258
0,1,CustomerId_4786
0,1,CustomerId_2864
0,1,CustomerId_5033
1,0,CustomerId_7455
0,1,CustomerId_7414
0,1,CustomerId_1763
0,1,CustomerId_1050
0,1,CustomerId_1831
0,1,CustomerId_4986
1,0,CustomerId_2150
0,1,CustomerId_1806
0,1,CustomerId_3014
0,1,CustomerId_3571
0,1,CustomerId_4050
0,1,CustomerId_4434
0,1,CustomerId_2263
0,1,CustomerId_2898
1,0,CustomerId_3389
1,0,CustomerId_5013
1,0,CustomerId_4888
0,1,CustomerId_1862
0,1,CustomerId_2022
0,1,CustomerId_2600
0,1,CustomerId_3863
1,0,CustomerId_388
0,1,CustomerId_4386
0,1,CustomerId_1373
0,1,CustomerId_607
0,1,CustomerId_2734
0,1,CustomerId_1392
0,1,CustomerId_3117
0,1,CustomerId_624
0,1,CustomerId_961
0,1,CustomerId_707
1,0,CustomerId_3008
0,1,CustomerId_2682
1,0,CustomerId_4442
0,1,CustomerId_3850
0,1,CustomerId_2636
1,0,CustomerId_3245
0,1,CustomerId_2835
0,1,CustomerId_2178
0,1,CustomerId_2812
0,1,CustomerId_1279
0,1,CustomerId_4640
0,1,CustomerId_3341
0,1,CustomerId_5278
1,0,CustomerId_2959
0,1,CustomerId_2018
0,1,CustomerId_4487
0,1,CustomerId_4364
0,1,CustomerId_1360
1,0,CustomerId_1435
0,1,CustomerId_2676
0,1,CustomerId_4458
1,0,CustomerId_2809
1,0,CustomerId_4115
1,0,CustomerId_1509
0,1,CustomerId_4287
0,1,CustomerId_437
0,1,CustomerId_986
1,0,CustomerId_4429
0,1,CustomerId_1599
1,0,CustomerId_471
0,1,CustomerId_4541
0,1,CustomerId_1318
0,1,CustomerId_4493
0,1,CustomerId_780
0,1,CustomerId_4972
1,0,CustomerId_3272
1,0,CustomerId_3802
0,1,CustomerId_2607
0,1,CustomerId_1919
1,0,CustomerId_5054
0,1,CustomerId_2158
0,1,CustomerId_5146
0,1,CustomerId_3592
0,1,CustomerId_4186
0,1,CustomerId_2470
0,1,CustomerId_4698
0,1,CustomerId_5155
0,1,CustomerId_681
0,1,CustomerId_1440
0,1,CustomerId_4901
0,1,CustomerId_4746
0,1,CustomerId_3567
0,1,CustomerId_4481
0,1,CustomerId_7469
0,1,CustomerId_2698
0,1,CustomerId_3969
0,1,CustomerId_841
0,1,CustomerId_5142
0,1,CustomerId_1567
1,0,CustomerId_4834
0,1,CustomerId_1741
0,1,CustomerId_4139
1,0,CustomerId_4666
0,1,CustomerId_1233
0,1,CustomerId_3231
0,1,CustomerId_2267
0,1,CustomerId_557
0,1,CustomerId_1918
0,1,CustomerId_3317
1,0,CustomerId_2063
0,1,CustomerId_3867
1,0,CustomerId_508
1,0,CustomerId_1848
0,1,CustomerId_1971
0,1,CustomerId_3957
1,0,CustomerId_485
0,1,CustomerId_4219
0,1,CustomerId_975
0,1,CustomerId_2574
0,1,CustomerId_5255
0,1,CustomerId_2527
0,1,CustomerId_2790
1,0,CustomerId_625
1,0,CustomerId_854
0,1,CustomerId_1890
1,0,CustomerId_7410
0,1,CustomerId_4141
0,1,CustomerId_5291
0,1,CustomerId_3891
0,1,CustomerId_3626
0,1,CustomerId_4227
0,1,CustomerId_1006
0,1,CustomerId_1725
1,0,CustomerId_3205
0,1,CustomerId_2724
0,1,CustomerId_3839
1,0,CustomerId_1512
0,1,CustomerId_1444
0,1,CustomerId_1604
0,1,CustomerId_1735
0,1,CustomerId_568
0,1,CustomerId_2138
0,1,CustomerId_348
0,1,CustomerId_4744
1,0,CustomerId_4824
1,0,CustomerId_4443
0,1,CustomerId_523
1,0,CustomerId_4346
0,1,CustomerId_785
0,1,CustomerId_684
0,1,CustomerId_643
0,1,CustomerId_3400
1,0,CustomerId_444
0,1,CustomerId_2020
1,0,CustomerId_653
0,1,CustomerId_1817
0,1,CustomerId_2325
0,1,CustomerId_2437
0,1,CustomerId_408
0,1,CustomerId_4401
0,1,CustomerId_1372
0,1,CustomerId_4053
0,1,CustomerId_7478
0,1,CustomerId_4603
0,1,CustomerId_7407
1,0,CustomerId_1275
0,1,CustomerId_603
0,1,CustomerId_343
1,0,CustomerId_3078
0,1,CustomerId_4415
0,1,CustomerId_1366
0,1,CustomerId_5287
0,1,CustomerId_1498
1,0,CustomerId_3715
0,1,CustomerId_2804
1,0,CustomerId_1484
0,1,CustomerId_4102
0,1,CustomerId_447
0,1,CustomerId_2498
0,1,CustomerId_4194
0,1,CustomerId_347
1,0,CustomerId_3116
1,0,CustomerId_2544
0,1,CustomerId_1913
0,1,CustomerId_1856
0,1,CustomerId_4682
0,1,CustomerId_4323
0,1,CustomerId_4805
0,1,CustomerId_3063
0,1,CustomerId_4008
0,1,CustomerId_4912
0,1,CustomerId_2884
1,0,CustomerId_3579
0,1,CustomerId_1525
0,1,CustomerId_4527
0,1,CustomerId_397
0,1,CustomerId_1410
0,1,CustomerId_1513
0,1,CustomerId_1160
0,1,CustomerId_1016
0,1,CustomerId_2149
0,1,CustomerId_2444
0,1,CustomerId_392
1,0,CustomerId_3229
0,1,CustomerId_3616
0,1,CustomerId_1946
1,0,CustomerId_1774
0,1,CustomerId_2717
1,0,CustomerId_790
1,0,CustomerId_5236
0,1,CustomerId_4911
0,1,CustomerId_3956
0,1,CustomerId_2126
0,1,CustomerId_2602
0,1,CustomerId_1870
0,1,CustomerId_4884
1,0,CustomerId_5019
0,1,CustomerId_2324
0,1,CustomerId_5028
0,1,CustomerId_3628
0,1,CustomerId_989
0,1,CustomerId_1361
0,1,CustomerId_2641
0,1,CustomerId_2556
0,1,CustomerId_1973
1,0,CustomerId_3809
0,1,CustomerId_4257
0,1,CustomerId_4309
1,0,CustomerId_3771
0,1,CustomerId_1614
0,1,CustomerId_830
0,1,CustomerId_3527
0,1,CustomerId_1339
0,1,CustomerId_1095
1,0,CustomerId_4431
0,1,CustomerId_2406
1,0,CustomerId_2459
0,1,CustomerId_2292
0,1,CustomerId_1770
1,0,CustomerId_4997
0,1,CustomerId_982
0,1,CustomerId_4630
0,1,CustomerId_5277
1,0,CustomerId_3374
1,0,CustomerId_2879
0,1,CustomerId_1341
1,0,CustomerId_7462
1,0,CustomerId_5232
0,1,CustomerId_2401
1,0,CustomerId_2845
0,1,CustomerId_3107
0,1,CustomerId_3473
0,1,CustomerId_3583
0,1,CustomerId_3462
0,1,CustomerId_4173
1,0,CustomerId_3688
0,1,CustomerId_4900
0,1,CustomerId_794
0,1,CustomerId_400
1,0,CustomerId_2520
0,1,CustomerId_4143
1,0,CustomerId_2883
0,1,CustomerId_3005
0,1,CustomerId_3174
0,1,CustomerId_898
0,1,CustomerId_2983
0,1,CustomerId_4192
0,1,CustomerId_2741
0,1,CustomerId_1068
0,1,CustomerId_4769
0,1,CustomerId_7467
0,1,CustomerId_1411
0,1,CustomerId_2110
0,1,CustomerId_3181
0,1,CustomerId_384
0,1,CustomerId_2554
1,0,CustomerId_1881
1,0,CustomerId_5203
0,1,CustomerId_3178
0,1,CustomerId_4684
0,1,CustomerId_3194
1,0,CustomerId_3781
0,1,CustomerId_3691
0,1,CustomerId_1754
1,0,CustomerId_2659
0,1,CustomerId_3868
0,1,CustomerId_1174
0,1,CustomerId_4963
0,1,CustomerId_1140
0,1,CustomerId_4567
0,1,CustomerId_3617
0,1,CustomerId_5258
0,1,CustomerId_4031
0,1,CustomerId_1541
0,1,CustomerId_4808
0,1,CustomerId_3533
0,1,CustomerId_1475
0,1,CustomerId_4446
0,1,CustomerId_3050
1,0,CustomerId_4416
1,0,CustomerId_5225
0,1,CustomerId_598
0,1,CustomerId_7441
0,1,CustomerId_1421
0,1,CustomerId_1932
1,0,CustomerId_1127
0,1,CustomerId_1784
0,1,CustomerId_3589
0,1,CustomerId_5034
1,0,CustomerId_1825
0,1,CustomerId_4301
0,1,CustomerId_575
0,1,CustomerId_596
0,1,CustomerId_4560
0,1,CustomerId_2623
0,1,CustomerId_4623
0,1,CustomerId_1721
1,0,CustomerId_2820
1,0,CustomerId_4637
0,1,CustomerId_2667
0,1,CustomerId_1483
0,1,CustomerId_5106
1,0,CustomerId_1898
0,1,CustomerId_3658
0,1,CustomerId_695
0,1,CustomerId_3093
1,0,CustomerId_4472
1,0,CustomerId_3989
1,0,CustomerId_717
0,1,CustomerId_4956
0,1,CustomerId_3192
1,0,CustomerId_2032
1,0,CustomerId_3123
0,1,CustomerId_3042
0,1,CustomerId_1343
0,1,CustomerId_2685
0,1,CustomerId_3475
0,1,CustomerId_2073
0,1,CustomerId_1474
0,1,CustomerId_4070
0,1,CustomerId_2546
0,1,CustomerId_3226
0,1,CustomerId_2141
1,0,CustomerId_1324
0,1,CustomerId_5066
0,1,CustomerId_3424
0,1,CustomerId_4276
0,1,CustomerId_5082
1,0,CustomerId_3088
0,1,CustomerId_3934
0,1,CustomerId_5101
0,1,CustomerId_2530
0,1,CustomerId_4374
0,1,CustomerId_3873
0,1,CustomerId_3575
0,1,CustomerId_7471
0,1,CustomerId_1423
0,1,CustomerId_3633
0,1,CustomerId_3323
1,0,CustomerId_856
0,1,CustomerId_3466
1,0,CustomerId_3605
0,1,CustomerId_368
0,1,CustomerId_1853
0,1,CustomerId_2754
1,0,CustomerId_5274
0,1,CustomerId_848
1,0,CustomerId_1415
1,0,CustomerId_1029
1,0,CustomerId_556
0,1,CustomerId_423
0,1,CustomerId_3397
0,1,CustomerId_2279
0,1,CustomerId_2817
0,1,CustomerId_1935
0,1,CustomerId_2029
1,0,CustomerId_7460
0,1,CustomerId_3378
0,1,CustomerId_1306
0,1,CustomerId_5164
0,1,CustomerId_4118
0,1,CustomerId_5047
0,1,CustomerId_2982
0,1,CustomerId_4389
0,1,CustomerId_2155
1,0,CustomerId_1594
0,1,CustomerId_578
0,1,CustomerId_2151
0,1,CustomerId_3572
0,1,CustomerId_3631
0,1,CustomerId_3836
0,1,CustomerId_3593
1,0,CustomerId_2414
0,1,CustomerId_644
0,1,CustomerId_4822
0,1,CustomerId_2323
0,1,CustomerId_5173
0,1,CustomerId_547
0,1,CustomerId_7408
0,1,CustomerId_4504
0,1,CustomerId_7429
0,1,CustomerId_3500
0,1,CustomerId_3573
0,1,CustomerId_3609
0,1,CustomerId_3147
0,1,CustomerId_924
1,0,CustomerId_2135
0,1,CustomerId_1163
1,0,CustomerId_828
0,1,CustomerId_2172
0,1,CustomerId_5069
0,1,CustomerId_5150
1,0,CustomerId_4182
0,1,CustomerId_356
0,1,CustomerId_4334
1,0,CustomerId_2846
0,1,CustomerId_1951
0,1,CustomerId_3935
0,1,CustomerId_5237
0,1,CustomerId_2333
0,1,CustomerId_4604
0,1,CustomerId_2139
0,1,CustomerId_440
0,1,CustomerId_3803
0,1,CustomerId_1843
1,0,CustomerId_2675
1,0,CustomerId_3712
0,1,CustomerId_3826
0,1,CustomerId_892
1,0,CustomerId_1398
0,1,CustomerId_3240
0,1,CustomerId_4572
0,1,CustomerId_2416
0,1,CustomerId_2398
0,1,CustomerId_2081
0,1,CustomerId_2890
0,1,CustomerId_1164
0,1,CustomerId_5042
0,1,CustomerId_2806
0,1,CustomerId_2481
0,1,CustomerId_1595
0,1,CustomerId_1267
0,1,CustomerId_7112
0,1,CustomerId_3554
0,1,CustomerId_7424
0,1,CustomerId_2621
0,1,CustomerId_1542
0,1,CustomerId_1103
0,1,CustomerId_4319
0,1,CustomerId_3159
0,1,CustomerId_1165
0,1,CustomerId_4611
0,1,CustomerId_3302
0,1,CustomerId_730
0,1,CustomerId_3806
1,0,CustomerId_3477
0,1,CustomerId_1672
1,0,CustomerId_4655
0,1,CustomerId_517
1,0,CustomerId_2818
0,1,CustomerId_1262
0,1,CustomerId_4171
0,1,CustomerId_2924
0,1,CustomerId_2405
0,1,CustomerId_5123
0,1,CustomerId_957
1,0,CustomerId_3870
0,1,CustomerId_1304
0,1,CustomerId_4127
0,1,CustomerId_2282
0,1,CustomerId_2049
0,1,CustomerId_5008
0,1,CustomerId_525
0,1,CustomerId_5169
0,1,CustomerId_5021
0,1,CustomerId_3275
0,1,CustomerId_4649
0,1,CustomerId_3953
0,1,CustomerId_3433
0,1,CustomerId_1640
0,1,CustomerId_1104
0,1,CustomerId_2117
0,1,CustomerId_1240
1,0,CustomerId_4971
0,1,CustomerId_3879
0,1,CustomerId_889
0,1,CustomerId_2347
1,0,CustomerId_4627
1,0,CustomerId_3250
0,1,CustomerId_7445
0,1,CustomerId_2431
0,1,CustomerId_1646
1,0,CustomerId_3445
0,1,CustomerId_2539
0,1,CustomerId_5176
0,1,CustomerId_4708
0,1,CustomerId_2371
0,1,CustomerId_3570
0,1,CustomerId_2300
0,1,CustomerId_2144
0,1,CustomerId_2134
0,1,CustomerId_2513
0,1,CustomerId_2310
1,0,CustomerId_3463
0,1,CustomerId_1027
0,1,CustomerId_1331
0,1,CustomerId_7436
0,1,CustomerId_3569
0,1,CustomerId_5141
0,1,CustomerId_4893
0,1,CustomerId_2107
0,1,CustomerId_1129
0,1,CustomerId_2747
0,1,CustomerId_3339
0,1,CustomerId_672
0,1,CustomerId_5130
0,1,CustomerId_1489
0,1,CustomerId_4983
0,1,CustomerId_5281
0,1,CustomerId_4150
1,0,CustomerId_5285
0,1,CustomerId_3537
1,0,CustomerId_1533
0,1,CustomerId_1945
0,1,CustomerId_701
0,1,CustomerId_3614
0,1,CustomerId_491
0,1,CustomerId_774
0,1,CustomerId_4104
1,0,CustomerId_462
0,1,CustomerId_3733
0,1,CustomerId_5076
0,1,CustomerId_3376
0,1,CustomerId_3162
0,1,CustomerId_4211
0,1,CustomerId_4360
0,1,CustomerId_2625
0,1,CustomerId_5067
0,1,CustomerId_4064
0,1,CustomerId_583
0,1,CustomerId_2016
1,0,CustomerId_3187
0,1,CustomerId_4922
0,1,CustomerId_1
1,0,CustomerId_3036
0,1,CustomerId_3356
0,1,CustomerId_2089
0,1,CustomerId_1310
0,1,CustomerId_3923
0,1,CustomerId_2713
0,1,CustomerId_4149
1,0,CustomerId_873
0,1,CustomerId_5132
0,1,CustomerId_435
1,0,CustomerId_4238
0,1,CustomerId_4351
1,0,CustomerId_1849
1,0,CustomerId_3683
0,1,CustomerId_4348
1,0,CustomerId_3648
0,1,CustomerId_1378
0,1,CustomerId_1923
0,1,CustomerId_473
0,1,CustomerId_1317
0,1,CustomerId_488
0,1,CustomerId_4596
0,1,CustomerId_3145
0,1,CustomerId_2968
1,0,CustomerId_2932
0,1,CustomerId_3725
1,0,CustomerId_3880
0,1,CustomerId_5338
0,1,CustomerId_1048
0,1,CustomerId_4067
0,1,CustomerId_1844
0,1,CustomerId_1328
0,1,CustomerId_3856
0,1,CustomerId_2690
1,0,CustomerId_4525
1,0,CustomerId_4002
0,1,CustomerId_2738
0,1,CustomerId_4123
0,1,CustomerId_1620
0,1,CustomerId_4641
0,1,CustomerId_654
0,1,CustomerId_894
1,0,CustomerId_3405
0,1,CustomerId_3177
1,0,CustomerId_3638
1,0,CustomerId_1713
0,1,CustomerId_967
0,1,CustomerId_1297
0,1,CustomerId_1892
1,0,CustomerId_814
1,0,CustomerId_3944
0,1,CustomerId_432
0,1,CustomerId_5196
1,0,CustomerId_4510
0,1,CustomerId_3623
0,1,CustomerId_4777
0,1,CustomerId_2120
1,0,CustomerId_3156
1,0,CustomerId_4867
0,1,CustomerId_1063
0,1,CustomerId_2936
0,1,CustomerId_3760
0,1,CustomerId_1501
0,1,CustomerId_3073
0,1,CustomerId_4925
0,1,CustomerId_4837
0,1,CustomerId_2455
0,1,CustomerId_1791
0,1,CustomerId_7453
0,1,CustomerId_509
0,1,CustomerId_4169
0,1,CustomerId_1625
0,1,CustomerId_1451
0,1,CustomerId_4203
0,1,CustomerId_7446
0,1,CustomerId_2187
1,0,CustomerId_3113
0,1,CustomerId_3547
0,1,CustomerId_7413
0,1,CustomerId_322
0,1,CustomerId_1172
1,0,CustomerId_4518
1,0,CustomerId_3897
0,1,CustomerId_3855
1,0,CustomerId_2871
0,1,CustomerId_2994
0,1,CustomerId_1602
0,1,CustomerId_3355
0,1,CustomerId_4587
0,1,CustomerId_1386
0,1,CustomerId_390
0,1,CustomerId_4090
0,1,CustomerId_433
0,1,CustomerId_1639
0,1,CustomerId_3990
0,1,CustomerId_1112
1,0,CustomerId_4000
0,1,CustomerId_3785
0,1,CustomerId_2496
0,1,CustomerId_3693
1,0,CustomerId_2068
0,1,CustomerId_3303
1,0,CustomerId_2934
0,1,CustomerId_3827
0,1,CustomerId_2213
0,1,CustomerId_2778
1,0,CustomerId_4999
0,1,CustomerId_1370
1,0,CustomerId_4157
0,1,CustomerId_3137
0,1,CustomerId_4547
0,1,CustomerId_4413
0,1,CustomerId_3825
0,1,CustomerId_1355
0,1,CustomerId_4966
0,1,CustomerId_1277
0,1,CustomerId_5239
1,0,CustomerId_1218
1,0,CustomerId_4253
0,1,CustomerId_4863
0,1,CustomerId_4164
0,1,CustomerId_357
0,1,CustomerId_1885
1,0,CustomerId_1265
0,1,CustomerId_2269
0,1,CustomerId_739
0,1,CustomerId_2878
0,1,CustomerId_907
0,1,CustomerId_1642
0,1,CustomerId_1661
0,1,CustomerId_5112
1,0,CustomerId_1557
1,0,CustomerId_4437
0,1,CustomerId_3437
1,0,CustomerId_2440
0,1,CustomerId_2928
1,0,CustomerId_3597
0,1,CustomerId_4095
0,1,CustomerId_2381
0,1,CustomerId_2166
1,0,CustomerId_5108
0,1,CustomerId_1396
0,1,CustomerId_4159
0,1,CustomerId_1884
0,1,CustomerId_4134
0,1,CustomerId_502
0,1,CustomerId_2171
0,1,CustomerId_3805
1,0,CustomerId_791
1,0,CustomerId_932
0,1,CustomerId_396
0,1,CustomerId_4476
0,1,CustomerId_2102
0,1,CustomerId_2071
0,1,CustomerId_646
0,1,CustomerId_5050
0,1,CustomerId_3219
0,1,CustomerId_942
0,1,CustomerId_1040
0,1,CustomerId_865
0,1,CustomerId_880
1,0,CustomerId_1058
1,0,CustomerId_3352
0,1,CustomerId_3556
0,1,CustomerId_4041
0,1,CustomerId_4289
0,1,CustomerId_3203
0,1,CustomerId_1234
0,1,CustomerId_4549
0,1,CustomerId_4007
0,1,CustomerId_2313
1,0,CustomerId_457
0,1,CustomerId_5339
0,1,CustomerId_2737
1,0,CustomerId_2529
0,1,CustomerId_4012
0,1,CustomerId_1927
0,1,CustomerId_2305
0,1,CustomerId_2075
1,0,CustomerId_3746
0,1,CustomerId_3336
0,1,CustomerId_4790
1,0,CustomerId_4204
0,1,CustomerId_7325
0,1,CustomerId_1119
0,1,CustomerId_3301
0,1,CustomerId_1236
0,1,CustomerId_4426
0,1,CustomerId_5127
1,0,CustomerId_4168
0,1,CustomerId_1481
0,1,CustomerId_332
0,1,CustomerId_3256
1,0,CustomerId_4216
0,1,CustomerId_3595
0,1,CustomerId_4234
0,1,CustomerId_3441
0,1,CustomerId_5049
0,1,CustomerId_1418
1,0,CustomerId_4589
0,1,CustomerId_1712
0,1,CustomerId_4340
0,1,CustomerId_2290
0,1,CustomerId_2495
0,1,CustomerId_443
0,1,CustomerId_5242
0,1,CustomerId_2979
0,1,CustomerId_4079
0,1,CustomerId_1970
0,1,CustomerId_3274
0,1,CustomerId_546
0,1,CustomerId_1252
1,0,CustomerId_4980
0,1,CustomerId_2336
1,0,CustomerId_4926
0,1,CustomerId_2843
0,1,CustomerId_3763
0,1,CustomerId_4665
0,1,CustomerId_3428
0,1,CustomerId_1447
0,1,CustomerId_3067
0,1,CustomerId_3698
0,1,CustomerId_2749
0,1,CustomerId_4022
0,1,CustomerId_2945
0,1,CustomerId_2966
0,1,CustomerId_4620
0,1,CustomerId_5041
0,1,CustomerId_1202
0,1,CustomerId_3354
0,1,CustomerId_3843
0,1,CustomerId_2494
0,1,CustomerId_4215
1,0,CustomerId_2797
0,1,CustomerId_1081
0,1,CustomerId_3684
0,1,CustomerId_2808
1,0,CustomerId_1510
0,1,CustomerId_7331
0,1,CustomerId_3885
0,1,CustomerId_7439
0,1,CustomerId_3578
0,1,CustomerId_2389
0,1,CustomerId_2984
0,1,CustomerId_1322
0,1,CustomerId_1494
0,1,CustomerId_9
0,1,CustomerId_2980
0,1,CustomerId_1687
0,1,CustomerId_3053
0,1,CustomerId_1137
0,1,CustomerId_501
0,1,CustomerId_2841
0,1,CustomerId_2652
0,1,CustomerId_787
0,1,CustomerId_2742
1,0,CustomerId_784
0,1,CustomerId_4737
0,1,CustomerId_7411
0,1,CustomerId_4468
0,1,CustomerId_1397
0,1,CustomerId_2656
1,0,CustomerId_4357
1,0,CustomerId_905
0,1,CustomerId_4835
0,1,CustomerId_3961
1,0,CustomerId_3013
0,1,CustomerId_7420
0,1,CustomerId_4826
0,1,CustomerId_3653
0,1,CustomerId_2745
0,1,CustomerId_1476
0,1,CustomerId_5162
0,1,CustomerId_1966
0,1,CustomerId_639
1,0,CustomerId_2230
0,1,CustomerId_1986
0,1,CustomerId_1707
0,1,CustomerId_947
0,1,CustomerId_4903
0,1,CustomerId_4353
1,0,CustomerId_5208
0,1,CustomerId_1326
0,1,CustomerId_3211
0,1,CustomerId_4335
0,1,CustomerId_2303
0,1,CustomerId_3749
1,0,CustomerId_4809
0,1,CustomerId_4317
0,1,CustomerId_945
0,1,CustomerId_1431
1,0,CustomerId_335
0,1,CustomerId_2627
0,1,CustomerId_4014
1,0,CustomerId_528
1,0,CustomerId_887
0,1,CustomerId_3068
1,0,CustomerId_7456
0,1,CustomerId_4137
0,1,CustomerId_3268
0,1,CustomerId_3510
1,0,CustomerId_4741
0,1,CustomerId_4654
0,1,CustomerId_1113
0,1,CustomerId_3941
1,0,CustomerId_1429
0,1,CustomerId_2
0,1,CustomerId_798
0,1,CustomerId_4142
0,1,CustomerId_1232
1,0,CustomerId_3043
0,1,CustomerId_4043
0,1,CustomerId_2186
0,1,CustomerId_1855
1,0,CustomerId_3213
1,0,CustomerId_3120
0,1,CustomerId_2777
1,0,CustomerId_3525
0,1,CustomerId_3390
1,0,CustomerId_4213
0,1,CustomerId_455
0,1,CustomerId_3738
0,1,CustomerId_4573
0,1,CustomerId_3916
1,0,CustomerId_4664
0,1,CustomerId_3490
0,1,CustomerId_3505
0,1,CustomerId_1362
1,0,CustomerId_2034
0,1,CustomerId_7425
0,1,CustomerId_3482
1,0,CustomerId_2329
0,1,CustomerId_3298
0,1,CustomerId_4818
1,0,CustomerId_3238
0,1,CustomerId_3995
1,0,CustomerId_1461
1,0,CustomerId_2288
1,0,CustomerId_3716
0,1,CustomerId_4557
0,1,CustomerId_1968
0,1,CustomerId_1764
1,0,CustomerId_4455
0,1,CustomerId_5181
0,1,CustomerId_5282
1,0,CustomerId_610
0,1,CustomerId_4313
0,1,CustomerId_2709
0,1,CustomerId_2799
0,1,CustomerId_720
0,1,CustomerId_566
0,1,CustomerId_5297
0,1,CustomerId_1108
1,0,CustomerId_549
1,0,CustomerId_4314
0,1,CustomerId_2181
1,0,CustomerId_994
0,1,CustomerId_2944
0,1,CustomerId_1769
0,1,CustomerId_2854
1,0,CustomerId_4197
1,0,CustomerId_483
0,1,CustomerId_585
0,1,CustomerId_7339
0,1,CustomerId_4477
0,1,CustomerId_2485
0,1,CustomerId_1145
0,1,CustomerId_1272
0,1,CustomerId_4244
0,1,CustomerId_599
0,1,CustomerId_2708
0,1,CustomerId_3512
0,1,CustomerId_2730
0,1,CustomerId_2811
0,1,CustomerId_319
0,1,CustomerId_3349
1,0,CustomerId_2154
0,1,CustomerId_3904
0,1,CustomerId_4327
1,0,CustomerId_2838
0,1,CustomerId_5240
1,0,CustomerId_3720
1,0,CustomerId_3636
1,0,CustomerId_4256
0,1,CustomerId_1030
0,1,CustomerId_2272
0,1,CustomerId_4772
0,1,CustomerId_958
1,0,CustomerId_690
0,1,CustomerId_2654
0,1,CustomerId_2247
0,1,CustomerId_2054
0,1,CustomerId_1492
0,1,CustomerId_851
0,1,CustomerId_5212
0,1,CustomerId_4205
0,1,CustomerId_797
0,1,CustomerId_2341
0,1,CustomerId_4074
0,1,CustomerId_3273
1,0,CustomerId_428
0,1,CustomerId_1269
0,1,CustomerId_3471
0,1,CustomerId_4235
0,1,CustomerId_2061
0,1,CustomerId_2881
0,1,CustomerId_2098
1,0,CustomerId_2133
0,1,CustomerId_2015
0,1,CustomerId_1507
1,0,CustomerId_3447
0,1,CustomerId_2167
0,1,CustomerId_4290
0,1,CustomerId_7468
0,1,CustomerId_7406
0,1,CustomerId_3673
0,1,CustomerId_1591
0,1,CustomerId_1671
1,0,CustomerId_3562
1,0,CustomerId_4945
0,1,CustomerId_3807
1,0,CustomerId_442
0,1,CustomerId_4913
1,0,CustomerId_1054
0,1,CustomerId_816
0,1,CustomerId_5121
1,0,CustomerId_352
1,0,CustomerId_4840
0,1,CustomerId_2127
0,1,CustomerId_2851
0,1,CustomerId_3656
0,1,CustomerId_2735
1,0,CustomerId_5174
0,1,CustomerId_1032
0,1,CustomerId_5294
0,1,CustomerId_1820
0,1,CustomerId_3779
0,1,CustomerId_337
0,1,CustomerId_1022
0,1,CustomerId_2824
1,0,CustomerId_4199
1,0,CustomerId_761
1,0,CustomerId_3257
0,1,CustomerId_4848
0,1,CustomerId_1425
0,1,CustomerId_1105
0,1,CustomerId_1158
0,1,CustomerId_4796
0,1,CustomerId_1395
0,1,CustomerId_4272
0,1,CustomerId_2832
0,1,CustomerId_1083
0,1,CustomerId_2723
0,1,CustomerId_524
0,1,CustomerId_2206
0,1,CustomerId_2474
0,1,CustomerId_1684
0,1,CustomerId_1147
0,1,CustomerId_7434
0,1,CustomerId_877
0,1,CustomerId_2211
1,0,CustomerId_2204
0,1,CustomerId_4856
0,1,CustomerId_369
1,0,CustomerId_2601
0,1,CustomerId_4792
0,1,CustomerId_560
0,1,CustomerId_7472
1,0,CustomerId_3600
1,0,CustomerId_5016
0,1,CustomerId_3627
1,0,CustomerId_1203
0,1,CustomerId_331
0,1,CustomerId_543
0,1,CustomerId_530
0,1,CustomerId_4976
0,1,CustomerId_1975
0,1,CustomerId_2083
0,1,CustomerId_1283
0,1,CustomerId_3492
0,1,CustomerId_1838
0,1,CustomerId_3838
0,1,CustomerId_1928
0,1,CustomerId_4533
0,1,CustomerId_754
0,1,CustomerId_5198
1,0,CustomerId_3292
0,1,CustomerId_2504
0,1,CustomerId_5243
0,1,CustomerId_7415
0,1,CustomerId_745
0,1,CustomerId_1120
0,1,CustomerId_3267
1,0,CustomerId_4528
0,1,CustomerId_2938
0,1,CustomerId_2191
0,1,CustomerId_4154
1,0,CustomerId_1280
0,1,CustomerId_5111
0,1,CustomerId_1652
0,1,CustomerId_4891
0,1,CustomerId_2909
0,1,CustomerId_4519
0,1,CustomerId_1714
0,1,CustomerId_1836
0,1,CustomerId_2482
1,0,CustomerId_2953
0,1,CustomerId_7438
0,1,CustomerId_3037
0,1,CustomerId_2042
0,1,CustomerId_3777
0,1,CustomerId_1211
0,1,CustomerId_4445
0,1,CustomerId_4546
0,1,CustomerId_4768
1,0,CustomerId_4801
0,1,CustomerId_3255
1,0,CustomerId_2564
0,1,CustomerId_845
0,1,CustomerId_4659
0,1,CustomerId_5051
0,1,CustomerId_1122
1,0,CustomerId_2595
0,1,CustomerId_799
1,0,CustomerId_4414
0,1,CustomerId_4270
0,1,CustomerId_5095
0,1,CustomerId_4341
0,1,CustomerId_629
1,0,CustomerId_4568
1,0,CustomerId_4902
1,0,CustomerId_3385
1,0,CustomerId_1810
0,1,CustomerId_1375
1,0,CustomerId_1576
0,1,CustomerId_5283
0,1,CustomerId_2493
0,1,CustomerId_3328
0,1,CustomerId_1990
0,1,CustomerId_4112
0,1,CustomerId_4889
1,0,CustomerId_3914
0,1,CustomerId_4233
1,0,CustomerId_7343
0,1,CustomerId_5
0,1,CustomerId_1385
0,1,CustomerId_1618
1,0,CustomerId_4462
0,1,CustomerId_2910
0,1,CustomerId_1792
1,0,CustomerId_1584
0,1,CustomerId_3365
0,1,CustomerId_2152
1,0,CustomerId_3198
0,1,CustomerId_7333
0,1,CustomerId_1723
1,0,CustomerId_1170
1,0,CustomerId_2353
0,1,CustomerId_2039
0,1,CustomerId_4879
1,0,CustomerId_1636
0,1,CustomerId_3020
0,1,CustomerId_467
1,0,CustomerId_1877
0,1,CustomerId_2666
0,1,CustomerId_4124
0,1,CustomerId_2653
1,0,CustomerId_3241
0,1,CustomerId_2632
0,1,CustomerId_2322
0,1,CustomerId_1626
0,1,CustomerId_2972
0,1,CustomerId_320
0,1,CustomerId_5068
0,1,CustomerId_1454
0,1,CustomerId_571
0,1,CustomerId_2497
1,0,CustomerId_1699
0,1,CustomerId_2825
1,0,CustomerId_1180
0,1,CustomerId_4073
0,1,CustomerId_4691
0,1,CustomerId_587
0,1,CustomerId_2771
0,1,CustomerId_4857
0,1,CustomerId_4709
0,1,CustomerId_4634
0,1,CustomerId_757
0,1,CustomerId_3329
0,1,CustomerId_638
0,1,CustomerId_838
1,0,CustomerId_1943
0,1,CustomerId_3456
1,0,CustomerId_5044
0,1,CustomerId_3762
0,1,CustomerId_3541
0,1,CustomerId_2490
1,0,CustomerId_4294
0,1,CustomerId_1102
1,0,CustomerId_2216
1,0,CustomerId_2433
0,1,CustomerId_2356
0,1,CustomerId_5183
1,0,CustomerId_4526
0,1,CustomerId_732
0,1,CustomerId_4642
0,1,CustomerId_2839
0,1,CustomerId_1726
0,1,CustomerId_3260
0,1,CustomerId_4212
1,0,CustomerId_1632
0,1,CustomerId_1821
0,1,CustomerId_3717
0,1,CustomerId_366
1,0,CustomerId_2041
1,0,CustomerId_3707
0,1,CustomerId_1722
0,1,CustomerId_5265
0,1,CustomerId_5015
0,1,CustomerId_2753
0,1,CustomerId_3126
0,1,CustomerId_2030
0,1,CustomerId_1098
0,1,CustomerId_735
0,1,CustomerId_1426
0,1,CustomerId_974
1,0,CustomerId_2911
1,0,CustomerId_5238
0,1,CustomerId_1657
1,0,CustomerId_760
0,1,CustomerId_1852
0,1,CustomerId_2489
0,1,CustomerId_4243
1,0,CustomerId_4817
0,1,CustomerId_4378
0,1,CustomerId_3893
0,1,CustomerId_1861
0,1,CustomerId_2684
1,0,CustomerId_1299
0,1,CustomerId_3998
0,1,CustomerId_3333
0,1,CustomerId_4261
0,1,CustomerId_1577
0,1,CustomerId_2523
0,1,CustomerId_1797
1,0,CustomerId_2822
1,0,CustomerId_1201
0,1,CustomerId_4553
0,1,CustomerId_3488
0,1,CustomerId_2036
1,0,CustomerId_2402
0,1,CustomerId_4267
0,1,CustomerId_3112
0,1,CustomerId_4969
1,0,CustomerId_7409
0,1,CustomerId_2525
0,1,CustomerId_4425
1,0,CustomerId_1175
0,1,CustomerId_5124
0,1,CustomerId_2931
0,1,CustomerId_1432
0,1,CustomerId_3724
1,0,CustomerId_712
1,0,CustomerId_3289
1,0,CustomerId_2907
0,1,CustomerId_2345
0,1,CustomerId_1056
0,1,CustomerId_1666
0,1,CustomerId_3076
0,1,CustomerId_2996
0,1,CustomerId_3987
0,1,CustomerId_3110
1,0,CustomerId_4636
0,1,CustomerId_3248
0,1,CustomerId_4581
0,1,CustomerId_756
0,1,CustomerId_3130
1,0,CustomerId_4198
0,1,CustomerId_482
0,1,CustomerId_1419
0,1,CustomerId_2492
0,1,CustomerId_2663
1,0,CustomerId_619
0,1,CustomerId_4132
0,1,CustomerId_1845
0,1,CustomerId_3860
0,1,CustomerId_5131
0,1,CustomerId_3290
0,1,CustomerId_2889
1,0,CustomerId_2013
0,1,CustomerId_4686
0,1,CustomerId_3756
1,0,CustomerId_3470
0,1,CustomerId_3993
0,1,CustomerId_2122
0,1,CustomerId_1504
0,1,CustomerId_535
0,1,CustomerId_2148
1,0,CustomerId_3200
0,1,CustomerId_2295
0,1,CustomerId_4342
0,1,CustomerId_5137
0,1,CustomerId_1087
0,1,CustomerId_3641
0,1,CustomerId_3742
0,1,CustomerId_1282
1,0,CustomerId_4827
0,1,CustomerId_1697
0,1,CustomerId_1004
0,1,CustomerId_2447
0,1,CustomerId_1490
0,1,CustomerId_4498
1,0,CustomerId_7476
1,0,CustomerId_2306
0,1,CustomerId_5092
0,1,CustomerId_3637
1,0,CustomerId_2793
0,1,CustomerId_715
0,1,CustomerId_5163
0,1,CustomerId_2599
0,1,CustomerId_4936
0,1,CustomerId_3030
0,1,CustomerId_4387
0,1,CustomerId_3526
1,0,CustomerId_2917
1,0,CustomerId_3135
1,0,CustomerId_520
0,1,CustomerId_2458
0,1,CustomerId_2175
0,1,CustomerId_4367
0,1,CustomerId_5178
1,0,CustomerId_665
0,1,CustomerId_755
1,0,CustomerId_2064
1,0,CustomerId_1135
0,1,CustomerId_728
0,1,CustomerId_3663
0,1,CustomerId_2679
0,1,CustomerId_3660
0,1,CustomerId_478
0,1,CustomerId_2619
0,1,CustomerId_391
0,1,CustomerId_2328
1,0,CustomerId_3366
0,1,CustomerId_1901
0,1,CustomerId_3701
0,1,CustomerId_5207
0,1,CustomerId_3040
0,1,CustomerId_1458
0,1,CustomerId_2669
1,0,CustomerId_1683
0,1,CustomerId_4077
1,0,CustomerId_3900
0,1,CustomerId_2273
0,1,CustomerId_1944
0,1,CustomerId_3052
1,0,CustomerId_1858
0,1,CustomerId_748
0,1,CustomerId_2769
1,0,CustomerId_4229
0,1,CustomerId_3417
0,1,CustomerId_709
0,1,CustomerId_5046
0,1,CustomerId_1979
0,1,CustomerId_1353
0,1,CustomerId_403
0,1,CustomerId_4851
0,1,CustomerId_4689
1,0,CustomerId_3233
0,1,CustomerId_3877
0,1,CustomerId_3193
0,1,CustomerId_7327
0,1,CustomerId_1270
0,1,CustomerId_2888
0,1,CustomerId_7479
0,1,CustomerId_3196
0,1,CustomerId_1070
0,1,CustomerId_3671
1,0,CustomerId_1114
0,1,CustomerId_3410
0,1,CustomerId_1996
0,1,CustomerId_1759
0,1,CustomerId_2393
0,1,CustomerId_3844
0,1,CustomerId_4300
1,0,CustomerId_2915
0,1,CustomerId_1900
0,1,CustomerId_2283
1,0,CustomerId_3642
0,1,CustomerId_3457
0,1,CustomerId_4944
0,1,CustomerId_3069
1,0,CustomerId_3111
0,1,CustomerId_4119
0,1,CustomerId_1846
0,1,CustomerId_1583
1,0,CustomerId_3882
0,1,CustomerId_3310
1,0,CustomerId_656
0,1,CustomerId_4379
1,0,CustomerId_699
0,1,CustomerId_7323
0,1,CustomerId_2360
0,1,CustomerId_1528
0,1,CustomerId_3321
0,1,CustomerId_5259
0,1,CustomerId_5030
0,1,CustomerId_3977
0,1,CustomerId_4092
0,1,CustomerId_5032
1,0,CustomerId_1676
0,1,CustomerId_4133
1,0,CustomerId_1227
0,1,CustomerId_2078
0,1,CustomerId_3495
1,0,CustomerId_776
2,0,CustomerId_909
1,0,CustomerId_2671
0,1,CustomerId_1212
0,1,CustomerId_1359
0,1,CustomerId_2471
0,1,CustomerId_2275
1,0,CustomerId_3758
1,0,CustomerId_4870
0,1,CustomerId_5246
0,1,CustomerId_3721
0,1,CustomerId_944
0,1,CustomerId_2170
0,1,CustomerId_4130
1,0,CustomerId_1472
0,1,CustomerId_1184
0,1,CustomerId_3118
1,0,CustomerId_4315
0,1,CustomerId_651
0,1,CustomerId_4648
0,1,CustomerId_5276
1,0,CustomerId_4059
0,1,CustomerId_3625
0,1,CustomerId_4383
0,1,CustomerId_1028
0,1,CustomerId_2973
0,1,CustomerId_2893
1,0,CustomerId_4113
0,1,CustomerId_4734
0,1,CustomerId_5006
0,1,CustomerId_3404
0,1,CustomerId_1841
0,1,CustomerId_1408
0,1,CustomerId_2751
1,0,CustomerId_3048
0,1,CustomerId_2311
1,0,CustomerId_3150
0,1,CustomerId_3090
0,1,CustomerId_2570
0,1,CustomerId_474
0,1,CustomerId_2896
1,0,CustomerId_4011
1,0,CustomerId_5073
0,1,CustomerId_4106
0,1,CustomerId_4617
0,1,CustomerId_3680
1,0,CustomerId_1034
0,1,CustomerId_4016
0,1,CustomerId_1570
1,0,CustomerId_4428
0,1,CustomerId_2374
0,1,CustomerId_1835
0,1,CustomerId_1153
0,1,CustomerId_4895
0,1,CustomerId_697
0,1,CustomerId_3735
1,0,CustomerId_3549
1,0,CustomerId_4438
0,1,CustomerId_1729
0,1,CustomerId_742
0,1,CustomerId_4578
0,1,CustomerId_4395
1,0,CustomerId_2214
0,1,CustomerId_4373
1,0,CustomerId_1064
0,1,CustomerId_4001
0,1,CustomerId_4929
1,0,CustomerId_3535
1,0,CustomerId_594
1,0,CustomerId_1089
0,1,CustomerId_4946
1,0,CustomerId_1246
1,0,CustomerId_341
1,0,CustomerId_912
0,1,CustomerId_1356
1,0,CustomerId_3890
0,1,CustomerId_2722
0,1,CustomerId_3189
1,0,CustomerId_4908
0,1,CustomerId_3790
0,1,CustomerId_3846
0,1,CustomerId_746
0,1,CustomerId_5267
0,1,CustomerId_4025
1,0,CustomerId_775
0,1,CustomerId_3432
1,0,CustomerId_5022
0,1,CustomerId_3629
0,1,CustomerId_476
0,1,CustomerId_1543
0,1,CustomerId_1455
0,1,CustomerId_1597
0,1,CustomerId_4609
0,1,CustomerId_4045
0,1,CustomerId_4433
0,1,CustomerId_3548
0,1,CustomerId_1376
0,1,CustomerId_4103
1,0,CustomerId_977
0,1,CustomerId_991
1,0,CustomerId_3817
0,1,CustomerId_2488
1,0,CustomerId_3431
0,1,CustomerId_2558
0,1,CustomerId_4226
0,1,CustomerId_1991
0,1,CustomerId_3898
1,0,CustomerId_4774
1,0,CustomerId_3399
0,1,CustomerId_3520
0,1,CustomerId_1495
1,0,CustomerId_4191
0,1,CustomerId_2956
0,1,CustomerId_2435
1,0,CustomerId_3422
0,1,CustomerId_992
0,1,CustomerId_1082
0,1,CustomerId_2140
0,1,CustomerId_2920
1,0,CustomerId_329
1,0,CustomerId_1805
0,1,CustomerId_4652
0,1,CustomerId_861
0,1,CustomerId_1502
0,1,CustomerId_1724
0,1,CustomerId_321
1,0,CustomerId_1257
1,0,CustomerId_2683
0,1,CustomerId_422
1,0,CustomerId_4247
0,1,CustomerId_2560
0,1,CustomerId_3476
1,0,CustomerId_3392
0,1,CustomerId_2561
0,1,CustomerId_416
0,1,CustomerId_1478
0,1,CustomerId_12
0,1,CustomerId_2173
0,1,CustomerId_1972
0,1,CustomerId_4038
1,0,CustomerId_4645
0,1,CustomerId_1377
0,1,CustomerId_1984
0,1,CustomerId_3793
0,1,CustomerId_7405
1,0,CustomerId_1965
0,1,CustomerId_1635
0,1,CustomerId_2250
1,0,CustomerId_2963
0,1,CustomerId_4453
0,1,CustomerId_1888
1,0,CustomerId_2086
0,1,CustomerId_5118
1,0,CustomerId_3634
1,0,CustomerId_2644
0,1,CustomerId_1514
0,1,CustomerId_3263
1,0,CustomerId_4943
1,0,CustomerId_4179
0,1,CustomerId_2105
0,1,CustomerId_3696
0,1,CustomerId_1978
1,0,CustomerId_1477
0,1,CustomerId_1612
0,1,CustomerId_5129
0,1,CustomerId_1773
1,0,CustomerId_1002
0,1,CustomerId_1634
0,1,CustomerId_4941
0,1,CustomerId_3577
0,1,CustomerId_1295
1,0,CustomerId_734
0,1,CustomerId_4825
1,0,CustomerId_2758
0,1,CustomerId_7474
1,0,CustomerId_3650
0,1,CustomerId_1219
0,1,CustomerId_853
0,1,CustomerId_2969
0,1,CustomerId_829
0,1,CustomerId_1357
0,1,CustomerId_7404
0,1,CustomerId_1830
0,1,CustomerId_1529
1,0,CustomerId_3971
1,0,CustomerId_1622
0,1,CustomerId_5056
1,0,CustomerId_4473
1,0,CustomerId_4832
1,0,CustomerId_5272
0,1,CustomerId_768
0,1,CustomerId_3318
0,1,CustomerId_3183
0,1,CustomerId_1629
1,0,CustomerId_605
0,1,CustomerId_645
0,1,CustomerId_4107
1,0,CustomerId_5175
0,1,CustomerId_2067
1,0,CustomerId_5229
0,1,CustomerId_7334
0,1,CustomerId_382
1,0,CustomerId_4237
0,1,CustomerId_2555
1,0,CustomerId_470
0,1,CustomerId_379
1,0,CustomerId_4791
0,1,CustomerId_870
0,1,CustomerId_1692
1,0,CustomerId_3711
1,0,CustomerId_3003
1,0,CustomerId_4347
0,1,CustomerId_4531
0,1,CustomerId_3287
0,1,CustomerId_2874
0,1,CustomerId_3215
0,1,CustomerId_2677
0,1,CustomerId_3542
0,1,CustomerId_5048
0,1,CustomerId_4061
0,1,CustomerId_545
0,1,CustomerId_3004
0,1,CustomerId_3559
0,1,CustomerId_1008
0,1,CustomerId_574
0,1,CustomerId_4266
0,1,CustomerId_1038
0,1,CustomerId_3360
0,1,CustomerId_2712
0,1,CustomerId_5004
0,1,CustomerId_4755
0,1,CustomerId_1839
1,0,CustomerId_1554
0,1,CustomerId_3331
1,0,CustomerId_2773
0,1,CustomerId_4799
0,1,CustomerId_3729
0,1,CustomerId_4097
1,0,CustomerId_3453
0,1,CustomerId_3314
0,1,CustomerId_3736
0,1,CustomerId_5120
0,1,CustomerId_1287
0,1,CustomerId_3647
0,1,CustomerId_3051
0,1,CustomerId_1217
1,0,CustomerId_4877
0,1,CustomerId_779
1,0,CustomerId_2750
0,1,CustomerId_2545
0,1,CustomerId_946
0,1,CustomerId_1459
0,1,CustomerId_1942
1,0,CustomerId_4279
0,1,CustomerId_1524
0,1,CustomerId_3032
0,1,CustomerId_679
0,1,CustomerId_7418
0,1,CustomerId_7403
1,0,CustomerId_7458
0,1,CustomerId_2880
0,1,CustomerId_3085
1,0,CustomerId_1276
0,1,CustomerId_573
0,1,CustomerId_3814
0,1,CustomerId_2731
0,1,CustomerId_4030
0,1,CustomerId_3125
0,1,CustomerId_998
0,1,CustomerId_4471
0,1,CustomerId_4803
0,1,CustomerId_4228
0,1,CustomerId_4906
0,1,CustomerId_1499
1,0,CustomerId_759
1,0,CustomerId_3279
0,1,CustomerId_1703
0,1,CustomerId_823
1,0,CustomerId_3230
0,1,CustomerId_2786
0,1,CustomerId_5045
1,0,CustomerId_2363
0,1,CustomerId_2943
1,0,CustomerId_3102
0,1,CustomerId_2302
1,0,CustomerId_1131
0,1,CustomerId_4242
0,1,CustomerId_5226
0,1,CustomerId_3282
1,0,CustomerId_4482
0,1,CustomerId_3347
0,1,CustomerId_2397
0,1,CustomerId_2831
0,1,CustomerId_2008
0,1,CustomerId_1516
0,1,CustomerId_3654
0,1,CustomerId_495
0,1,CustomerId_4003
0,1,CustomerId_1623
0,1,CustomerId_1907
0,1,CustomerId_5201
0,1,CustomerId_4365
0,1,CustomerId_3719
0,1,CustomerId_885
0,1,CustomerId_802
0,1,CustomerId_5200
0,1,CustomerId_3291
1,0,CustomerId_7463
0,1,CustomerId_3782
0,1,CustomerId_2985
0,1,CustomerId_2950
0,1,CustomerId_5185
0,1,CustomerId_2855
0,1,CustomerId_5001
1,0,CustomerId_2782
0,1,CustomerId_1479
0,1,CustomerId_2610
0,1,CustomerId_3074
0,1,CustomerId_511
0,1,CustomerId_1981
0,1,CustomerId_414
0,1,CustomerId_2376
0,1,CustomerId_4435
0,1,CustomerId_1717
1,0,CustomerId_3204
0,1,CustomerId_5094
0,1,CustomerId_2875
0,1,CustomerId_3943
0,1,CustomerId_2927
0,1,CustomerId_412
0,1,CustomerId_5009
0,1,CustomerId_3812
0,1,CustomerId_2995
0,1,CustomerId_3984
0,1,CustomerId_3925
0,1,CustomerId_5210
0,1,CustomerId_3557
0,1,CustomerId_1487
0,1,CustomerId_1738
0,1,CustomerId_2019
0,1,CustomerId_5263
0,1,CustomerId_2501
0,1,CustomerId_3485
0,1,CustomerId_4845
0,1,CustomerId_3038
0,1,CustomerId_2762
0,1,CustomerId_4495
0,1,CustomerId_4280
0,1,CustomerId_2192
0,1,CustomerId_1974
0,1,CustomerId_2298
1,0,CustomerId_4152
0,1,CustomerId_3271
0,1,CustomerId_1321
1,0,CustomerId_3124
0,1,CustomerId_359
1,0,CustomerId_3494
0,1,CustomerId_2156
0,1,CustomerId_3479
0,1,CustomerId_1271
0,1,CustomerId_3516
1,0,CustomerId_1768
0,1,CustomerId_666
0,1,CustomerId_4763
0,1,CustomerId_1719
1,0,CustomerId_7447
0,1,CustomerId_429
0,1,CustomerId_3012
0,1,CustomerId_4932
0,1,CustomerId_2169
1,0,CustomerId_843
1,0,CustomerId_3599
0,1,CustomerId_4864
1,0,CustomerId_2997
0,1,CustomerId_2935
0,1,CustomerId_4125
0,1,CustomerId_1059
1,0,CustomerId_1709
0,1,CustomerId_1194
0,1,CustomerId_978
1,0,CustomerId_5171
0,1,CustomerId_3906
0,1,CustomerId_4457
0,1,CustomerId_2506
0,1,CustomerId_5189
0,1,CustomerId_4841
0,1,CustomerId_3973
0,1,CustomerId_917
1,0,CustomerId_7459
